Firstname,Lastname,EmailId,Phone,Gender,Address
Bradley Greer,Maud Yates,kohbal@ra.bn,(376) 325-3745,Male,Alejavkud
Lloyd Mathis,Augusta Little,gimdeziz@te.ps,(814) 413-7576,Female,Tahila
Maggie Clarke,Ellen Buchanan,to@okmul.pa,(206) 681-5556,Female,Egakefu
Cecelia Myers,Evan Spencer,na@rogvon.ec,(557) 245-7706,Female,Jakese
Craig Elliott,Gordon Alexander,igale@woz.an,(224) 366-9190,Male,Soknotbi
Grace Reeves,Joel Klein,jatvow@ba.ke,(712) 820-9828,Male,Ujavijem
Sallie Warren,Virginia Harper,liute@bojej.mg,(675) 599-6327,Male,Wuhocac
Scott Rhodes,Mina Ellis,sardanpa@fuc.jo,(505) 442-3952,Male,Jothide
Gabriel McKenzie,Brett Abbott,ushe@tumuhadeg.do,(982) 826-2577,Male,Jefejdu
Anne Cook,Caroline Hudson,malel@gahizobiw.tn,(875) 858-3586,Female,Nejjilheg
Lucy Sandoval,Cynthia Turner,bipu@ninko.sk,(914) 612-5026,Male,Berjuevo
Callie Cannon,Alan Blair,cu@cozupwa.ac,(340) 632-8743,Male,Bacmewac
Elsie Lamb,Ann Brady,gak@bo.la,(232) 954-3138,Female,Nihido
Francisco Pierce,Luis Franklin,du@kivosle.tm,(521) 854-9148,Male,Rudpuzsud
Augusta Walsh,Sallie Moran,abudeb@pamic.vg,(771) 455-3013,Female,Efjunud
Linnie Alvarado,Connor Cruz,cuuze@cit.iq,(561) 869-9442,Female,Diuwozoh
Katharine Howard,Josie Sharp,ga@dejoz.ao,(643) 775-2328,Female,Ruwkuwfin
Russell Bass,Harvey Cole,fu@dohep.no,(732) 439-3876,Male,Awaopoba
Luke Lucas,Terry Butler,dikugdi@ahna.sk,(980) 861-6525,Female,Vultumnaw
Nell Lamb,Brian Tran,ti@ja.cf,(215) 593-7586,Female,Ajejoagu
Caroline Lyons,Andrew Cunningham,la@gaha.kg,(760) 993-7559,Female,Zitroti
Ricardo Carter,Ryan Patton,lok@mi.mz,(514) 671-9294,Female,Nofetnup
Antonio Stone,Celia McBride,nebkolar@raaz.eu,(848) 700-3287,Female,Lutaat
Edgar Sharp,Jeremiah Klein,hetoh@suv.uz,(519) 757-4656,Female,Geuppig
Rosa Mason,Oscar Allen,ek@rilzeuso.fm,(976) 678-1816,Female,Wusevfec
Cecilia Rodriquez,Mitchell Perry,elo@piw.pl,(708) 217-4241,Female,Tukopju
Essie Nguyen,Bettie Larson,bewbib@huwmodfa.rw,(616) 481-4781,Male,Sihjahlaj
Paul Spencer,Brent Stewart,subva@mafzeli.va,(423) 782-9994,Female,Peratkut
Chris Carlson,Tommy Richards,eve@van.tn,(833) 340-5910,Female,Sekagok
Iva McKenzie,Seth Bennett,be@utse.az,(954) 787-6912,Female,Ditkaka
